name,price
It's Only the Himalayas,45.17
Vagabonding: An Uncommon Guide to the Art of Long-Term World Travel,36.94
A Year in Provence (Provence #1),56.88
See America: A Celebration of Our National Parks & Treasured Sites,48.87
A Summer In Europe,44.34
The Road to Little Dribbling: Adventures of an American in Britain (Notes From a Small Island #2),23.21
Under the Tuscan Sun,37.33
Neither Here nor There: Travels in Europe,38.95
The Great Railway Bazaar,30.54
"1,000 Places to See Before You Die",26.08
Full Moon over Noahâ€™s Ark: An Odyssey to Mount Ararat and Beyond,49.43
